{
  "model":"pasttrec_model.asc",
  "configuration": {
    "Z_in":50,
    "pktime":3.62550326e-08,
    "TCR1":2.64670964e+04,
    "TCC1":9.19590282e-12,
    "TCR2":2.02220270e+04,
    "TCC2":8.83986110e-13,
    "gain_correction":7.19626471e-01
  }
}
